{"cameraMode":{"drawMode":0,"name":"Shaded","section":"Shading Mode"},"sceneLighting":false,"audioPlay":false,"sceneViewState":{"m_AlwaysRefresh":false,"showFog":true,"showSkybox":false,"showFlares":true,"showImageEffects":true,"showParticleSystems":true,"showVisualEffectGraphs":true,"m_FxEnabled":true},"in2DMode":false,"pivot":{"x":-0.12999999523162843,"y":0.8899999856948853,"z":-1.5099999904632569},"rotation":{"x":-0.009635016322135926,"y":0.9603525996208191,"z":-0.2769910991191864,"w":-0.032803550362586978},"size":0.4346219301223755,"orthographic":false}